{
    "type":"origins:multiple",

"remove_tag":
{
        "type": "origins:action_when_damage_taken",
        "entity_action": {
            "type": "origins:and",
            "actions": [
                {
            "type": "origins:execute_command",
            "command": "power remove @e vampire:switch_effects"
                },
                {
                    "type": "origins:execute_command",
                    "command": "tag @e remove vampired"
                }
            ]
        },
        "damage_condition": {
            "type": "origins:amount",
            "comparison": ">=",
            "compare_to": 2
        },
        "cooldown": 1
},

"particles":
{
    "type": "origins:action_over_time",
	"entity_action": {
		"type": "origins:execute_command",
		"command": "particle minecraft:witch ~ ~0.5 ~ 0.5 0.5 0.5 0.01 10",
		"permission_level": 4
	},
    "interval": 30
},
"overlay":
{
    "type": "origins:overlay",
    "texture": "minecraft:textures/block/target_side.png",
    "strength": 0.4,
    "red": 0.4,
    "green": 0.1,
    "blue": 1,
    "draw_mode": "texture",
    "draw_phase": "below_hud",
    "hide_with_hud": false,
    "visible_in_third_person": false
},
"hidden": true
}