{
	"type": "origins:multiple",
	"night_dash":
    {
		"type": "origins:active_self",
		"entity_action": {
			"type": "origins:and",
			"actions": [{
					"type": "origins:play_sound",
					"sound": "minecraft:entity.evoker.cast_spell"
				},
				{
					"type": "origins:add_velocity",
					"space": "local",
					"z": 2.5
				},
                {
                    "type": "origins:execute_command",
                    "command": "particle minecraft:dust_color_transition 1 0 0 1 0 0 0 ~ ~ ~ 0.5 0 0.5 10 100 force"
                },
                {
                    "type": "origins:change_resource",
                    "resource": "vampire:blood_bar",
                    "change": -50
                }
			]
		},
		"key": {
			"key": "key.origins.primary_active"
		},
		"condition": {
            "type": "origins:daytime",
            "inverted": true
        },
"cooldown": 100,
"hud_render": {
	"sprite_location": "origins:textures/gui/community/huang/resource_bar_02.png",
	"bar_index": 0,
	"should_render": true
}
},
"day_dash":
{
    "type": "origins:active_self",
    "entity_action": {
        "type": "origins:and",
        "actions": [{
                "type": "origins:play_sound",
                "sound": "minecraft:entity.evoker.cast_spell"
            },
            {
                "type": "origins:add_velocity",
                "space": "local",
                "z": 1
            },
            {
                "type": "origins:execute_command",
                "command": "particle minecraft:dust_color_transition 1 0 0 1 0 0 0 ~ ~ ~ 0.5 0 0.5 10 100 force"
            }
        ]
    },
    "key": {
        "key": "key.origins.primary_active"
    },
    "condition": {
            "type": "origins:daytime"
        },
"cooldown": 200,
"hud_render": {
"sprite_location": "origins:textures/gui/community/huang/resource_bar_02.png",
"bar_index": 0,
"should_render": true
}
},
    "name":"§a§l§nBlood Dash",
    "description":"A dash ability that is more powerful during night time."
}